<?xml version="1.0" encoding="UTF-8" standalone="yes"?>
<addon id="Matrix.repo" name="[COLOR lime]Matrix Repo[/COLOR] Repo" version="1.0.1" provider-name="Malcom77">
	<extension point="xbmc.addon.repository" name="Mi repositorio">
        <info>https://raw.githubusercontent.com/Malcom77/Matrix_repo/master/Repositorio/addons.xml</info>
        <checksum>https://raw.githubusercontent.com/Malcom77/Matrix_repo/master/Repositorio/addons.xml.md5</checksum>
        <datadir zip="true">https://github.com/Malcom77/Matrix_repo/tree/master/Repositorio/repository.Mirepor/</datadir>
    </extension>
    <extension point="xbmc.addon.metadata">
        <summary>Matrix Repositorio</summary>
        <description></description>
        <disclaimer></disclaimer>
        <platform>all</platform>
    </extension>
</addon>
